Name|Name|Address|Phone|EMail,,
Conan|Brewer|710-7545 Sagittis Avenue|1-113-964-3060|blandit@diamdictum.co.uk,,
Jacob|Miles|Ap #541-8470 In Avenue|1-322-168-0581|metus.Vivamus@idsapienCras.com,,
Joshua|Bean|Ap #920-2244 Orci Rd.|1-698-828-4404|Sed.eget.lacus@In.edu,,
Autumn|Love|Ap #234-1118 Ultrices, Ave|1-748-512-1433|luctus@Fuscediamnunc.edu,
Cameron|Ochoa|6433 Sem Road|1-816-975-7598|Aliquam@mi.co.uk,,
Reece|Neal|856-4708 Eu St.|1-181-430-6577|Morbi.metus@arcuNuncmauris.com,,
Forrest|Potter|411-8386 Ut Rd.|1-815-204-3266|odio@congueturpisIn.org,,
Caldwell|Dodson|P.O. Box 547, 7263 Fusce Ave|1-652-663-5964|Quisque.fringilla.euismod@mollis.org,
Fritz|Webb|350-1080 Amet St.|1-352-681-2799|nec.imperdiet@Praesent.ca,,
Julie|Ryan|P.O. Box 904, 8781 Dictum. St.|1-912-127-5054|Donec.felis@Aeneangravidanunc.com,
Eliana|Burnett|7444 Hendrerit. Avenue|1-948-824-7050|tristique.senectus@euaugue.com,,
Asher|Valentine|P.O. Box 889, 6296 Pellentesque St.|1-440-291-9955|ante.Nunc@Integeraliquam.ca,
Edan|Haynes|P.O. Box 428, 1483 Vel, St.|1-990-754-9053|amet.ornare.lectus@luctuslobortis.ca
Latifah|Wagner|Ap #182-7286 Donec Ave|1-580-910-4296|justo@malesuada.edu,,
Dorothy|Avila|P.O. Box 694, 4492 Nonummy St.|1-883-692-7671|Integer@vellectus.edu,
Rama|Kirby|Ap #620-1052 Commodo Av.|1-298-181-6628|fringilla.porttitor.vulputate@ipsumCurabitur.co.uk,,
Kasimir|Hendrix|488-9958 Dis St.|1-673-864-0759|Cras.pellentesque.Sed@semmagnanec.com,,
Vance|Pitts|Ap #256-199 Donec Road|1-108-790-3194|turpis@sem.edu,,
Ferris|Stephenson|4084 Vulputate Av.|1-674-806-0660|amet@loremsitamet.net,,
Bruce|Dickerson|Ap #552-2840 In Rd.|1-640-360-2548|mollis.Duis.sit@Donecat.ca,,
Yen|Griffin|799-2085 Varius Avenue|1-558-322-6657|pede.Cras@gravida.net,,
Ulric|Warner|323 Eu Road|1-364-967-4216|diam.dictum@Donecconsectetuer.net,,
Nathan|Blevins|P.O. Box 795, 8317 At Avenue|1-475-574-7330|adipiscing.enim@aliquamadipiscinglacus.com,
Ciaran|Trujillo|Ap #245-7825 Nec Av.|1-543-435-7127|id@rutrumjustoPraesent.ca,,
Harriet|Fletcher|P.O. Box 416, 5304 Nullam St.|1-726-403-4915|Pellentesque@dis.co.uk,
Peter|Kerr|388-7995 Justo. Rd.|1-428-834-1567|euismod.mauris.eu@liberoMorbiaccumsan.co.uk,,
Willa|Herrera|P.O. Box 962, 7769 Quisque Rd.|1-992-339-0644|In@elementumategestas.com,
Tad|Melendez|Ap #833-1591 Eget Street|1-787-270-5308|a.neque@mi.org,,
Akeem|Blanchard|7405 Pellentesque Rd.|1-673-660-9764|Nullam.vitae@consectetuerrhoncusNullam.net,,
Stephanie|Oneill|Ap #414-6918 Suspendisse Road|1-285-825-3930|ligula@malesuadaInteger.edu,,
Karyn|Hodge|P.O. Box 639, 8836 At Ave|1-478-133-0816|vitae.sodales.nisi@hymenaeos.co.uk,
Avram|Albert|2139 Quisque Rd.|1-946-992-1083|eros.Nam@atvelitCras.org,,
Sierra|Mejia|484-4670 Orci. Av.|1-511-519-0112|ligula@orciluctuset.co.uk,,
Cameron|Miller|Ap #742-1883 Arcu. St.|1-152-111-4856|posuere@egetvolutpatornare.net,,
Yvonne|Fowler|5892 Pretium Ave|1-645-736-3152|Donec.porttitor.tellus@Duis.org,,
Macey|Olson|Ap #358-3240 Malesuada Avenue|1-413-633-9823|vestibulum@etrisusQuisque.com,,
Kylee|Alexander|1456 Donec St.|1-724-384-5553|sodales.at@faucibusorciluctus.edu,,
Driscoll|Knowles|8848 In Rd.|1-619-701-8801|luctus.vulputate.nisi@tinciduntadipiscingMauris.org,,
Elizabeth|Atkins|Ap #516-2012 Vitae Av.|1-453-233-8466|vitae.purus.gravida@ac.com,,
Channing|Mcleod|Ap #663-130 Non Road|1-232-955-5198|lobortis.nisi.nibh@orcitincidunt.edu,,
Cade|Thornton|Ap #224-8068 Curabitur Rd.|1-509-676-3522|luctus.et.ultrices@Cumsociisnatoque.edu,,
Meredith|Erickson|316-9272 Vestibulum Avenue|1-288-449-7138|adipiscing@nascetur.ca,,
Xanthus|Castro|360-4905 Cras Av.|1-725-742-0565|rhoncus.id.mollis@eratvelpede.com,,
Raja|Marks|318-3606 Primis St.|1-952-699-2549|id.ante.Nunc@Aeneanegetmetus.co.uk,,
Bradley|Bright|452 Cursus Ave|1-866-930-4235|fermentum.fermentum@SednequeSed.edu,,
Octavius|Acevedo|629-8767 Ultrices St.|1-582-755-8961|commodo.hendrerit.Donec@iaculis.ca,,
Camilla|Kidd|3025 Luctus Road|1-287-980-4541|mauris.sapien@Integerinmagna.net,,
Kendall|Herring|P.O. Box 538, 6429 Luctus. St.|1-509-324-8967|Morbi@sitametorci.ca,
Kibo|Bass|Ap #738-8984 Quisque St.|1-987-757-1465|Praesent.eu.dui@posuerecubiliaCurae.net,,
Lamar|Carney|1662 Et Avenue|1-712-416-2948|ipsum@netusetmalesuada.com,,
Jack|Melton|336-6641 Sed St.|1-127-307-5399|Nullam.scelerisque@sed.com,,
Upton|Wilcox|P.O. Box 191, 5926 Posuere, Rd.|1-444-649-4588|Sed.pharetra.felis@velturpis.org
Mark|Carver|309-111 Eu Av.|1-785-823-7393|Cras.dolor@risusDonecnibh.org,,
Keely|Weiss|Ap #409-8406 Consectetuer, Street|1-303-466-5356|ut.mi@Nunc.co.uk,
Josephine|Mcgee|Ap #137-6071 Donec St.|1-715-193-4450|Cras@aliquetmetus.ca,,
Risa|Hess|P.O. Box 529, 9678 Vitae Ave|1-777-183-5159|vel@dictumPhasellus.ca,
Sasha|Carpenter|Ap #497-6858 Faucibus Street|1-160-849-9541|pellentesque.a.facilisis@netuset.ca,,
Ralph|Aguirre|Ap #526-1051 Erat. Street|1-978-596-2284|vulputate@vel.net,,
Beck|Alvarado|P.O. Box 537, 7164 Urna. St.|1-454-219-7866|sapien@utnisia.co.uk,
Dakota|Noel|9030 Id St.|1-704-329-9213|Suspendisse.aliquet.molestie@Curabitur.org,,
Amal|Webb|606 Sed Road|1-537-553-4901|est.vitae@tinciduntpede.edu,,
Laith|Hood|787-1957 Sit Av.|1-407-373-4104|Nunc.quis.arcu@Vivamusnon.ca,,
Indigo|Walsh|P.O. Box 265, 8948 Cubilia Av.|1-754-169-2265|congue.In.scelerisque@orciluctuset.com,
Jamal|Meyers|6807 Et Road|1-476-436-3798|molestie.pharetra.nibh@maurissit.net,,
Hollee|Clay|420-8751 Risus St.|1-204-997-4842|arcu@auctor.org,,
Lisandra|Sanchez|Ap #805-6507 Sociis Ave|1-231-949-4723|dapibus@nisl.ca,,
Ingrid|Walker|434-120 Nulla Rd.|1-812-433-3923|orci.consectetuer@in.co.uk,,
Frances|Lee|Ap #721-4719 Congue, Street|1-830-541-2542|orci.lacus.vestibulum@tinciduntorciquis.ca,
Simon|Pope|P.O. Box 180, 8834 Sapien St.|1-266-602-9281|ornare.placerat.orci@ametmetusAliquam.ca,
Hayes|Morrow|Ap #966-8996 At, Av.|1-978-710-7950|ornare.elit.elit@hendrerit.net,
Wanda|Pruitt|419-2694 Montes, Street|1-213-471-1098|dolor.quam@sodalesnisi.org,
Alika|Lloyd|P.O. Box 436, 253 Ac St.|1-999-328-5160|parturient.montes.nascetur@purussapien.org,
Ethan|Harmon|P.O. Box 190, 2910 Rutrum Ave|1-570-220-7497|venenatis.lacus@orcisemeget.org,
Victoria|Glenn|P.O. Box 883, 5260 Cras St.|1-103-361-7181|luctus.et@interdumNunc.edu,
Cain|Buckner|Ap #963-4799 Maecenas Ave|1-775-357-4603|vitae@nulla.net,,
Minerva|Cohen|9510 Libero. Avenue|1-677-982-3785|Sed.nunc.est@utaliquam.edu,,
Shannon|Dillard|371-5253 Ullamcorper, Avenue|1-252-500-1791|sit.amet.massa@lacinia.net,
Sasha|Frost|P.O. Box 148, 9034 Felis. Rd.|1-151-481-7335|lobortis.quam@orciadipiscingnon.org,
Ira|Fisher|P.O. Box 268, 7398 Auctor Avenue|1-767-409-7630|velit.eget@quis.co.uk,
Deanna|Horne|Ap #793-7337 Et Road|1-319-426-7617|ad@accumsan.ca,,
Lucy|George|4107 Arcu Avenue|1-112-789-9068|porttitor.vulputate.posuere@sodaleseliterat.com,,
Evan|Mullins|352-1589 Semper Av.|1-588-236-6616|at.iaculis@nisi.co.uk,,
Yasir|Fuller|Ap #877-8406 Magna. Ave|1-625-643-0401|risus.Nulla@a.ca,,
Cleo|Atkinson|P.O. Box 284, 1201 Lacinia Avenue|1-344-837-7470|erat@Integerin.com,
Victor|Maxwell|798-1823 Ut, Street|1-410-721-7875|volutpat@ligulaconsectetuer.ca,
Ashely|William|1877 Cras Ave|1-806-589-5500|lobortis.nisi@lectusquismassa.co.uk,,
Hedy|Zimmerman|P.O. Box 235, 6794 Ultricies Avenue|1-969-372-0898|est.Nunc@auctorveliteget.org,
Dante|Knowles|P.O. Box 516, 399 Cum Ave|1-197-143-6849|mauris.sapien@erosnon.net,
Nash|Farley|4686 Nec Ave|1-559-293-2405|elit.pede.malesuada@sitamet.org,,
Imelda|Atkinson|P.O. Box 179, 4377 Arcu St.|1-258-146-1876|sit.amet.lorem@semperegestasurna.com,
Jayme|Cash|282-1234 Nibh. Av.|1-587-168-8095|Suspendisse@tempus.ca,,
Hall|Flynn|P.O. Box 593, 5879 Erat St.|1-484-720-9620|mi.fringilla.mi@utnulla.net,
Hammett|Valencia|Ap #125-4818 Pede. Ave|1-852-681-5064|pellentesque.eget.dictum@et.net,,
Ian|Logan|Ap #834-2200 Dui Av.|1-520-728-5086|nulla.Integer.urna@ideratEtiam.net,,
Teagan|Munoz|608-8890 Ac Road|1-580-324-5708|non.quam.Pellentesque@justonec.ca,,
Diana|House|501-2850 Fusce Ave|1-409-376-8054|Cras.eget@dictumultricies.com,,
Armando|Shepard|867 Pede. Av.|1-678-186-6043|dictum.eleifend@auctor.co.uk,,
Kitra|Rush|3208 Proin Road|1-977-209-1022|fringilla.cursus@id.org,,
Candice|Sweeney|1365 Lectus St.|1-994-248-1155|eget.varius.ultrices@fringillamilacinia.ca,,
Christopher|Petty|7014 Ornare. Avenue|1-310-299-9522|Aenean.egestas@facilisis.co.uk,,
